A simple plan,Fiction_Crime and Mystery_Crime/Caper,Discovering a crashed airplane_ its dead pilot_ and four million dollars in unsought cash_ Hank Mitchell believes all he will have to do is wait_ until his manipulative pregnant wife compels him to commit blackmail_ deceit_ and murder.
Lord Brocktree,Fiction_Children & Young Adult_Fantasy_Talking Animals,"The villainous Ungatt Trunn_ a menacing wildcat_ has brought his powers to bear on Salamandastron_ threatening the peace-loving beasts whho live there.

But all is not lost. Old Lord Stonepaw_ the venerable Badger Ruler_ summons the strongest of the strong to take over as lord of the badgermountain and battle the evil wildcat.

Together with his companion_ the young hairemaid Dotti_ Lord Brocktree travels towards Salamandastron. But can he raise an army in time to smash Ungatt Trunn's terrifying Blue Hordes?"
The Lawnmower Man,Fiction_Horror_Comic Horror_Stephen  King,"A man hires a company to cut the grass of his overgrown  yard_ yet the man who appears has an unusual method to his work.
First published in Cavalier_ May 1975"
Strawberry Spring,Fiction_Horror_Psychological Horror_Stephen  King,"A killer stalks a small community college campus when the weather becomes infused with the thick fogs of a ""strawberry spring.""
First published in Cavalier_ November 1975."
One for the Road,Fiction_Horror_Vampires_Stephen  King_Ray  Bradbury_Tanith  Lee_Charles  Beaumont_Clifford D.  Simak_Jane  Yolen_Chelsea Quinn  Yarbro_  Saki_Jerome  Bixby_Mack  Reynolds_Theodore R.  Cogswell_Richard  Parker_Phyllis  MacLennan_Barbara  Williamson,"A man from New Jersey stumbles out of a massive snowstorm and into a small pub. Stricken with frostbite and fatigue_ he pleads for help to fetch his wife and daughter who are stranded in their car in the raging storm back near Jerusalem's Lot.
First published in Maine Magazine_ March/April_ 1977."
The Ledge,Fiction_Crime and Mystery_Suspense_Horror_Psychological Horror_Stephen  King,"A former tennis pro is forced to play a deadly game for having seduced the wife of a wealthy man.
First published in Penthouse."
Children of the Corn,"Fiction_Horror_Satanism, Demonology, and Black Magic_Stephen  King_L. Frank  Baum_Ursula K.  Le Guin_H. P. Lovecraft_Louisa May Alcott_Ray  Bradbury_Orson Scott  Card_Nathaniel  Hawthorne_Shirley  Jackson_Henry  James_Mark  Twain_Edith  Wharton_Harlan  Ellison_Greg  Bear_David  Drake_Robert W.  Chambers_Charles  Beaumont_Alan Dean  Foster_Henry  Kuttner_W.P.  Kinsella_Richard  Matheson_Theodore  Sturgeon_Avram  Davidson_Gene  Wolfe_Michael  Bishop_Manly Wade  Wellman_Karl Edward  Wagner_Washington  Irving_Kate  Chopin_Jack  Finney_Charlotte Perkins  Gilman_Fredric  Brown_R. A. Lafferty_Alan  Brennert_Frank R.  Stockton_Stephen Vincent  Benét_Joel Chandler  Harris_Bradley  Denton_Edward  O'Reilly","A couple stumble upon a half-deserted Nebraska town with a chilling ritual.
First published in Penthouse_ March 1977."
I Know What You Need,"Fiction_Horror_Satanism, Demonology, and Black Magic_Stephen  King_Ray  Bradbury_Arthur Conan  Doyle_Martin H.  Greenberg_Jack  Vance_Andre  Norton_Fritz  Leiber_Henry  Slesar_Edward D.  Hoch_Robert  Arthur_Frank R.  Stockton_Gerald W. Page_F. Scott  Fitzgerald_Alice  Walker_Jean  Stafford_John  Updike_Peter  Taylor_Paul  Bowles_John  O'Hara_Harold  Brodkey_Irwin  Shaw_Peter  Cameron_Elizabeth  Spencer_Evan S.  Connell_Daniel  Menaker_George  Milburn_Mary  Robison_Walter  Bernstein_Allan  Seager_Ella  Leffland","A college junior meets an odd boy with mismatched socks and dirty hair who seems to always know exactly what she wants.
First published in Cosmopolitan_ September 1976."
The Man Who Loved Flowers,Fiction_Horror_Psychological Horror_Stephen  King,"On a hot and busy New York afternoon_ a charming young man buys a bouquet of flowers.
First published in Gallery_ August 1977."
Jerusalem's Lot,Fiction_Horror_Vampires_Stephen  King_H. P. Lovecraft_Ramsey  Campbell_August  Derleth_Robert E.  Howard_Fritz  Leiber_Henry  Kuttner_Clark Ashton  Smith_Frank Belknap  Long_Robert  Bloch_Brian  Lumley_Colin  Wilson_Philip José  Farmer_Richard A.  Lupoff_Joanna  Russ_Karl Edward  Wagner_James  Wade,"The origins of 'Salem's Lot. A man moves to his ancestral home and learns of the superstitions surrounding his predecessors.
First published in the collection Night Shift_ NY: Doubleday_ 1978."
"Quitters, Inc.","Fiction_Horror_Psychological Horror_Stephen  King_Ruth  Rendell_Agatha  Christie_Isaac  Asimov_Ray  Bradbury_Arthur Conan  Doyle_Frederick  Forsyth_Dorothy L. Sayers_Mark  Twain_Lawrence  Block_Dick  Francis_Donald E.  Westlake_Robert  Bloch_Sue  Grafton_Ross  MacDonald_John D.  MacDonald_Bill  Pronzini_G. K. Chesterton_Eric  Ambler_Linda  Barnes_Antonia  Fraser_Rex  Stout_Edward D.  Hoch_John Dickson  Carr_Reginald  Hill_Robert  Barnard_Patricia  Moyes_Simon  Brett_Michael  Gilbert_P.D.  James_Stanley  Ellin_Julian  Symons_Ellery  Queen_Erle Stanley  Gardner_Cornell  Woolrich_Ursula  Curtiss_Charlotte  Armstrong_Nedra  Tyre_Lillian  de la Torre_Aldous  Huxley_Edgar Allan  Poe_Elmore  Leonard_Ernest  Hemingway_Edith  Wharton_James Gould  Cozzens_Harlan  Ellison_Jack  London_Lord  Dunsany_Thomas  Hardy_Patricia  Highsmith_James  Ellroy_Wilkie  Collins_A. A. Milne_O.  Henry_Georges  Simenon_John  Collier_Sara  Paretsky_Evan  Hunter_Mickey  Spillane_Clark  Howard_Jack  Ritchie_E.W.  Hornung_Thomas  Burke_Jacques  Futrelle_Frederick Irving  Anderson_Melville Davisson  Post_Ring  Lardner_Ben Ray  Redman_James  Thurber_Harry  Kemelman_Stephen  Greenleaf_Robert  Barr_Vincent  Starrett_Logan  Clendening_Barry  Perowne_C.P.  Donnel, Jr._Ogden  Nash_John E.  Gardner_Charles  McCarry_William  Faulkner_Shirley  Jackson_John  Steinbeck_Pearl S.  Buck_Willa  Cather_Dashiell  Hammett_Raymond  Chandler_James M.  Cain_Henry  Slesar_Joyce Carol  Oates_Joe  Gores_Flannery  O'Connor_Dennis  Lehane_James  Crumley_Margaret  Millar_Brendan  DuBois_Robert L.  Fish_Michael  Malone_Damon  Runyon_Susan  Glaspell_Tom  Franklin_Wilbur Daniel  Steele_Jerome  Weidman_Sharyn  McCrumb_Ed  Gorman_Max Allan  Collins_Jeffery  Deaver_Marcia  Muller_John  Lutz_Jeremiah  Healy_Fredric  Brown_Anthony  Boucher_Tony  Hillerman_Lisa  Scottoline_Ed  McBain_Anna Katharine  Green_Janwillem  van de Wetering_Steve  Martini","Quitters_ Inc. will do anything to help you stop smoking.
Originally published in the collection Night Shift_ 1978."
The Last Rung on the Ladder,Fiction_Horror_Psychological Horror_Stephen  King,"Years ago_ Larry saved his sister's life. Now she is going to do something terrible.
First published in the collection Night Shift_ NY: Doubleday_ February 1978."
The Woman in the Room,Fiction_Horror_Medical Horror & Evil Science_Stephen  King_Clive  Barker_Dean R.  Koontz_L. Sprague  de Camp_Jack  Vance_Brian  Lumley_David  Morrell_Algis  Budrys_Avram  Davidson_Joyce Carol  Oates_James  Herbert_Jack  Williamson_Hugh B.  Cave_R.  Chetwynd-Hayes_Nigel  Kneale,"A woman who cannot die suffers from cancer. Only her son can bring relief.
Originally published in the collection Night Shift_ 1978."
Future Crimes,Fiction_Crime and Mystery_Barbara  Paul_Gary A.  Braunbeck,"Have you ever been robbed_ directly or by some high-tech snafu or manipulation?  Are you positive you could plan the perfect crime (even though you'd never carry it out)?  Or do you think that given all the clues you could solve any crime_ outsmart any criminal?  Well_ here's your chance to match your wits with the pros who took up the challenge of creating and solving crimes that have not yet occurred.  They run the gamut from low-tech to high_ from activities against entire societies to one-on-one_ completely personal crimes.  Let sixteen master sleuths take you along on their crime beats future style with such cases as:
* He could tell the suitcase was valuable the minute he saw the foreigners fighting over it_ but could a hill country native outsmart men equipped with the latest ways to deal death?
* The play's the thing...and even holographic actors should be able to help him convict the people he was certain had caused his father's death...
* When his computer system began to malfunction_ what choice did he have but to let the building repairman in- but was he letting in a rescuer or a destroyer?

An anthology of 16 all-new stories edited by Martin H. Greenberg and John Helfers for DAW Books_ 1999. Contents_ in alphabetical order of contributors:

Pia and the King of Siam by Janet Berliner
Glory Hand in the Soft City by Jay Bonansinga
All the Unlived Moments by Gary Braunbeck
The White City by Alan Brennert
Setting Free the Daughters of Earth by Peter Crowther
The Death of Winston Foster by R. Davis
Pein Bek Longpela Telimpon by Alan Dean Foster
Good Repair by Craig Shaw Gardner
Tinker's Last Case by Ron Goulart
The Crime of Transfiguration by Will Murray
The Mojave Two-Step by Norman Partridge
Shakespeare Minus One by Barbara Paul
The Serpent Was More Subtle by Tom Piccirilli
The Kidnapping of Roni Tahr by Alan Rodgers
In Memoriam by Mike Stotter
Sleep That Burns by Jerry Sykes"
The Sign of Four,Fiction_Crime and Mystery_Detective Story and Detectives_Arthur Conan  Doyle,The Sign of the Four_ the second Holmes novel_ presents the detective with one of his greatest challenges. The theft of the Agra treasure in India forms a catalyst for treachery_ deceit and murder.
A Scandal in Bohemia,Fiction_Crime and Mystery_Detective Story and Detectives_Arthur Conan  Doyle_Edgar Allan  Poe_Agatha  Christie_William  Faulkner_Dorothy L. Sayers_Dashiell  Hammett_Ross  MacDonald_Flannery  O'Connor_Jorge Luis  Borges_G. K. Chesterton_Ed  McBain_Ellery  Queen_Susan  Glaspell_Jacques  Futrelle_Cornell  Woolrich_Jack  London_O.  Henry_R. Austin  Freeman_E.W.  Hornung_Anna Katharine  Green_Melville Davisson  Post_Robert  Barr_Maurice  Leblanc_Edgar  Wallace_Arthur B.  Reeve_Ellis Parker  Butler_Richard Harding  Davis_Ernest  Bramah_Arthur  Morrison_Arnold  Bennett_Israel  Zangwill_Fergus  Hume_Victor L. Whitechurch_Lewis  Carroll_Charles Lutwidge  Dodgson_Rudyard  Kipling_Charles  Dickens_Mary  Shelley_H. G. Wells_Oscar  Wilde_Algernon Charles  Swinburne_Thomas  Hardy_Wilkie  Collins_Joseph Sheridan  Le Fanu_Robert Louis Stevenson_Thomas  De Quincey_Anthony  Trollope_Mary Elizabeth  Braddon_Elizabeth  Gaskell_Mary  de Morgan_Frances  Browne_Evelyn  Sharp_Amelia B.  Edwards_William  Carleton_Geraldine  Jewsbury_Mary  Beaumont_George  Egerton_Ada  Leverson,""
The Red-headed League,"Fiction_Crime and Mystery_Detective Story and Detectives_Arthur Conan  Doyle_Aldous  Huxley_Ruth  Rendell_Edgar Allan  Poe_Elmore  Leonard_Stephen  King_Isaac  Asimov_Ernest  Hemingway_Edith  Wharton_James Gould  Cozzens_Harlan  Ellison_Jack  London_Lawrence  Block_Lord  Dunsany_Thomas  Hardy_Patricia  Highsmith_James  Ellroy_Wilkie  Collins_Robert  Bloch_A. A. Milne_O.  Henry_Georges  Simenon_John  Collier_G. K. Chesterton_Sara  Paretsky_Evan  Hunter_Mickey  Spillane_Edward D.  Hoch_Stanley  Ellin_Clark  Howard_Jack  Ritchie_Ellery  Queen_E.W.  Hornung_Thomas  Burke_Jacques  Futrelle_Frederick Irving  Anderson_Melville Davisson  Post_Ring  Lardner_Ben Ray  Redman_James  Thurber_Harry  Kemelman_Stephen  Greenleaf_Robert  Barr_Vincent  Starrett_Logan  Clendening_Barry  Perowne_C.P.  Donnel, Jr._Ogden  Nash_John E.  Gardner_Charles  McCarry",After answering a newspaper advert for a person with red hair to undertake some work for the red-headed league_ the gentleman in question become uneasy as to what is going on and he turns to the great Sherlock Holmes for an explanation.
The Final Problem,Fiction_Crime and Mystery_Detective Story and Detectives_Arthur Conan  Doyle,""
The Cask of Amontillado,Fiction_Crime and Mystery_Crime/Caper_Horror_General_John  Jakes_Edgar Allan  Poe_Lewis  Carroll_Rudyard  Kipling_Ambrose  Bierce_Ray  Bradbury_Nathaniel  Hawthorne_Franz  Kafka_James  Joyce_Mary  Shelley_Leo  Tolstoy_Edith  Wharton_Oscar  Wilde_William Butler  Yeats_  Voltaire_Lord  Dunsany_Arthur  Machen_Olaf  Stapledon_J. G. Ballard_Julio  Cortázar_Jorge Luis  Borges_G. K. Chesterton_Thomas  Carlyle_Guy de  Maupassant_Francois  Rabelais_Evelyn  Waugh_Petronius  Arbiter_  Saki_B.  Traven_W. W. Jacobs_Barry  Perowne_Thomas Bailey Aldrich_Edward Lucas  White_Ryunosuke  Akutagawa_Walter  de la Mare_Max  Beerbohm_I. A. Ireland_May  Sinclair_Jean  Cocteau_Juan  Manuel_Silvina  Ocampo_Léon  Bloy_Giovanni  Papini_Adolfo  Bioy Casares_Leonid  Andreyev_John  Aubrey_Tor Åge  Bringsvaerd_Delia  Ingenieros_Ah'med Ech  Chiruani_Martin  Buber_Arturo  Cancela_Pilar  de Lusarreta_Chuang  Tzu_Santiago  Dabove_Alexandra  David-Neel_Macedonio  Fernández_James George  Frazer_Elena  Garro_Herbert A.  Giles_Leopoldo  Lugones_Edwin  Morgan_H. A.  Murena_  Niu Chiao_Carlos  Peralta_Manuel  Peyrou_  P'u Sung Ling_W. W.  Skeat_Emanuel  Swedenborg_Juan Rudolfo  Wilcock_Richard  Wilhelm_G.  Willoughby-Meade_  Ts'ao Hsueh-Ch'in_Auguste Comte de Villiers de l'Isle-Adam_  Wu Ch'Eng En_José  Zorrilla_H. P. Lovecraft_Roald  Dahl_August  Derleth_Robert  Bloch_Cyril M.  Kornbluth_Robert  Silverberg_Theodore  Sturgeon_Evan  Hunter_Edmond  Hamilton_Frank  Gruber_Arthur Conan  Doyle_John  Steinbeck_Mark  Twain_Luigi  Pirandello_Jack  London_Max  Brand_Wilbur Daniel  Steele_James  Thurber_Frank R.  Stockton_Kaatje  Hurlbut_Walter Van Tilburg  Clark_C. D. B. Bryan_Carl  Stephenson_Charles  Dickens_Walter  Scott_Wilkie  Collins_Joseph Sheridan  Le Fanu_F. Marion  Crawford_Elizabeth  Gaskell_Edward  Bulwer-Lytton_Perceval  Landon_Margaret  Oliphant_Raymond  Chandler_Leigh  Brackett_Margaret  Millar_Edward D.  Hoch_Tony  Hillerman_Susan  Glaspell_William Campbell  Gault_Cornell  Woolrich_David  Ely_Ellis Parker  Butler_Carter  Dickson,"In this tale of revenge set in the catacombs of Italy_ a man leads his intended victim through his family wine cellars with the promise of a taste of the rare Amontillado.
Originally published in Godey's Lady's Book_ November 1846.Reprinted in:
Book of the Dead (1986)
The Fall of the House of Usher_ Target 1986 
The Book of Fantasy
The Gold-Bug and Other Tales_ Dover 1991 
Horrorscape_ ed. Gary Goshgarian_ Dubuque_ IA: Kendall/Hunt Publishing Co. 1993 
Ghostly Tales and Eerie Poems of Edgar Allan Poe_ Putnam/Grosset & Dunlap 1993 
Selected Tales_ Penguin/Godfrey Cave 1994 
Horror Stories_ ed. Susan Price_ Kingfisher 1995 
Favourite Scary Stories from Graveside Al_ ed. Alan Maitland_ Viking Penguin Canada 1996 
Murders in the Rue Morgue & Other Stories_ Pulp Fictions UK 1998 
Selected Tales_ Oxford University Press 1998 
The Fall of the House of Usher and Other Tales_ Penguin/Signet Classic 1998"
The Fall of the House of Usher,Fiction_Horror_Psychological Horror_General Fiction_Literary Fiction/classics_Edgar Allan  Poe_Rudyard  Kipling_Nathaniel  Hawthorne_Björnstjerne  Björnson_Robert Louis Stevenson_Guy de  Maupassant_Frank R.  Stockton_Bram  Stoker_Charles  Dickens_Agatha  Christie_Ambrose  Bierce_Daniel  Defoe_Arthur Conan  Doyle_Henry  James_Dorothy L. Sayers_Walter  Scott_H. G. Wells_Wilkie  Collins_O.  Henry_Ernest  Bramah_Freeman Wills  Crofts_Joseph Smith (J.S.)  Fletcher_Walter  de la Mare_Max  Beerbohm_G.D.H.  Cole_Margaret I.  Cole_Stacy  Aumonier_Morley  Roberts_Charles  Lamb_M. R. James_Stephen  King_H. P. Lovecraft_Ray  Bradbury_Philip K.  Dick_William  Faulkner_Shirley  Jackson_Edith  Nesbit_Edith  Wharton_Harlan  Ellison_Clive  Barker_Tanith  Lee_Thomas M.  Disch_Algernon  Blackwood_Ramsey  Campbell_Robert W.  Chambers_Charles L. Grant_Fritz  Leiber_Robert  Bloch_Joseph Sheridan  Le Fanu_Richard  Matheson_Theodore  Sturgeon_Joyce Carol  Oates_Gene  Wolfe_Flannery  O'Connor_Michael  Bishop_Manly Wade  Wellman_Joanna  Russ_Karl Edward  Wagner_John  Collier_Ivan  Turgenev_Michael  Shea_Charlotte Perkins  Gilman_Dennis  Etchison_Lucy Lane  Clifford_Fitz-James  O'Brien_Robert  Aickman_Russell  Kirk_Oliver  Onions_Robert  Hichens_Ellen  Glasgow_Eudora  Welty_Thomas  Hardy_Patrick  McGrath_Clark Ashton  Smith_Jorge Luis  Borges_Isak  Dinesen_Isabel  Allende_Ray  Russell_Angela  Carter_Bret  Harte_George Washington  Cable_Alejandra  Pizarnik_Frederick  Cowles_F.M. (Flora MacDonald)  Mayor_Marcel  Schwob_J.  Wadham_Petrus  Borel_Isaac  Crookenden_Richard  Cumberland_Anna Laetitia Aiken_Lewis  Carroll_Emily  Dickinson_George Gordon  Byron_E. M. Forster_John  Keats_Mary  Shelley_Alfred  Tennyson_Mark  Twain_Oscar  Wilde_Virginia  Woolf_William Butler  Yeats_Lord  Dunsany_Kenneth  Grahame_Washington  Irving_A.E.  Housman_Samuel Taylor  Coleridge_W. W. Jacobs_James  Hogg_George  MacDonald_Laurence  Housman_Christina  Rossetti_Juliana Horatia  Ewing_Kenneth  Morris_Margaret  Oliphant_William  Austin_Edward  Lear_Richard  Middleton_I. A. Ireland,"A visitor to a gloomy mansion finds a childhood friend dying under the spell of a family curse.
First published in Burton's Gentleman's Magazine_ September 1839.Slightly revised for the collection Tales of the Grotesque and Arabesque_ 1840.Reprinted in additional magazines and journals: Bentleys Miscellany_ August 1840;Boston Notion_ 5 September 1840;Oquawka Spectator_ Part I: 23 August 1848_ Part II: 30 August 1848."
The Gold-Bug,Fiction_Crime and Mystery_Suspense_Edgar Allan  Poe_Rudyard  Kipling_Nathaniel  Hawthorne_Björnstjerne  Björnson_Robert Louis Stevenson_Guy de  Maupassant_Frank R.  Stockton_Sharyn  McCrumb_Avram  Davidson_Billie Sue  Mosiman_Julie  Smith_Lisa  Lepovetsky_Joan  Hess_John  Lutz_Edward D.  Hoch_Lester  Dent_Clark  Howard_John F.  Suter_Thomas  Adcock_Talmage  Powell_D.L.  Richardson,"The discovery of a message in code on a shoreline formerly infested with pirates sends William Legrand and his friends on a hunt for buried treasure.
First published in Dollar Magazine_ 21 & 28 June 1843."
The Mask of the Red Death: A Fantasy,Fiction_Horror_Edgar Allan  Poe_Aldous  Huxley_J. D. Salinger_Rudyard  Kipling_William  Faulkner_E. M. Forster_Nathaniel  Hawthorne_Ernest  Hemingway_Shirley  Jackson_Henry  James_James  Joyce_Alexander  Pushkin_Anton  Chekhov_John  Steinbeck_H. G. Wells_Edith  Wharton_Virginia  Woolf_Anatole  France_Katherine Anne  Porter_Joseph  Conrad_Lord  Dunsany_Thomas  Wolfe_Robert Louis Stevenson_W. Somerset  Maugham_E.B.  White_Carson  McCullers_O.  Henry_Frank  O'Connor_John  Collier_Guy de  Maupassant_John  O'Hara_Katherine  Mansfield_  Saki_Ring  Lardner_Wilbur Daniel  Steele_James  Thurber_V. S. Pritchett_William  Saroyan_Sylvia Townsend  Warner_Irwin  Shaw_Max  Beerbohm_Hector Hugh  Munro_Stephen Vincent  Benét_Arthur  Schnitzler_Clarence  Day_Dorothy  Parker_Robert M.  Coates_Edmund  Wilson_George  Milburn_H. L. Mencken_Francis  Steegmuller_Ursula K.  Le Guin_H. P. Lovecraft_Ambrose  Bierce_Ray  Bradbury_Harlan  Ellison_Michael  Moorcock_L. Sprague  de Camp_Jack  Vance_Robert E.  Howard_Fritz  Leiber_Henry  Kuttner_Catherine Lucille (C.L.)  Moore_Clark Ashton  Smith_Robert  Bloch_Cyril M.  Kornbluth_Abraham  Merritt_Theodore  Sturgeon_Avram  Davidson_Manly Wade  Wellman_D. H. Lawrence_Alice  Walker_Willa  Cather_Eudora  Welty_John  Cheever_John  Updike_Gabriel  García Márquez_Louise  Erdrich_Chinua  Achebe_Margaret  Atwood_Ralph  Ellison_Doris  Lessing_Joyce Carol  Oates_Flannery  O'Connor_Kate  Chopin_Raymond  Carver_Bobbie Ann  Mason_Alice  Munro_Richard  Wright_Denise  Chávez,"Prince Prospero and a thousand of his followers shut themselves away in a vast abbey to avoid the dreaded Red Death.
Originally published as ""The Mask of the Red Death: A Fantasy"" in Graham's Magazine_ May 1842."
Murders in the Rue Trianon Bas Morgue,Fiction_Crime and Mystery_Detective Story and Detectives_Edgar Allan  Poe_Isaac  Asimov_Arthur Conan  Doyle_Poul  Anderson_Ross  MacDonald_Bill  Pronzini_John  Mortimer_Joe  Gores_Georges  Simenon_G. K. Chesterton_Frederick  Nebel_Rex  Stout_Edward D.  Hoch_Edward  Wellen_John Dickson  Carr_Michael  Gilbert_Ed  McBain_Ellery  Queen_Jacques  Futrelle_Erle Stanley  Gardner_John  Ball_Philip  MacDonald_Lillian  de la Torre_Leslie  Charteris_John K.  Butler_Agatha  Christie_William  Faulkner_Dorothy L. Sayers_Dashiell  Hammett_Flannery  O'Connor_Jorge Luis  Borges_Susan  Glaspell_Cornell  Woolrich_T.S.  Stribling_Raymond  Chandler_Sue  Grafton_Linda  Barnes_Marcia  Muller_Dorothy Salisbury  Davis_Mary Roberts  Rinehart_Mignon G.  Eberhart_Anthony  Boucher_Tony  Hillerman_Anna Katharine  Green_William Campbell  Gault_Carroll John  Daly_Robert Leslie  Bellem_Melville Davisson  Post_Bret  Harte_Arthur B.  Reeve_Clinton H.  Stagg_Richard  Sale_Clayton  Rawson_Bram  Stoker_Ursula K.  Le Guin_Rudyard  Kipling_Stephen  King_H. P. Lovecraft_Louisa May Alcott_Ambrose  Bierce_Ray  Bradbury_Edgar Rice  Burroughs_Robert A.  Heinlein_Mary  Shelley_Jules  Verne_H. G. Wells_William  Gibson_Harlan  Ellison_Clive  Barker_Jack  London_Tanith  Lee_Octavia E.  Butler_Samuel R.  Delany_Catherine Lucille (C.L.)  Moore_Joseph Sheridan  Le Fanu_Ian  Fleming_Rosamunde  Pilcher_Louis  L'Amour_Max  Brand_Walter  Mosley_Janet  Dailey_Rafael  Sabatini_Baroness  Orczy_H. Rider  Haggard_Jayne Ann  Krentz_Horace  Walpole_Elizabeth  Gaskell_Kathleen E.  Woodiwiss_Zane  Grey_Ray B.  Browne_John G.  Cawelti_Arthur Asa  Berger_Linda Barlow  Krentz_Gail  Landsman_Ernest  Mandel_Jane  Tompkins,When a murder case leaves the police baffled_ count on C. Auguste Dupin to solve the crime.
The Pit and the Pendulum,Fiction_Adventure_Survival_Horror_General_Edgar Allan  Poe_Charles  Dickens_Walter  Scott_Mary  Shelley_Wilkie  Collins_Joseph Sheridan  Le Fanu_F. Marion  Crawford_Elizabeth  Gaskell_Edward  Bulwer-Lytton_Perceval  Landon_Margaret  Oliphant,"Judged guilty by the Inquisition_ a condemned man is slowly tortured.
Originally published in The Gift: A Christmas and New Year's Present for 1843_ 1842.Reprinted in:
65 Great Spine Chillers_ ed. Mary Danby_ Octopus 1982 
Book of the Dead (1986)
The Fall of the House of Usher_ Target 1986 
Tales of Mystery and Terror_ Penguin/Puffin 1990 
The Gold-Bug and Other Tales_ Dover 1991 
The Book of Dracula_ ed. Leslie Shepard_ Wings 1991
The Dracula Book of Classic Horror Stories_ ed. Leslie Shepard_ Robert Hale 1992
Ghostly Tales and Eerie Poems of Edgar Allan Poe_ Putnam/Grosset & Dunlap 1993
Selected Tales_ Penguin/Godfrey Cave 1994
Murders in the Rue Morgue & other stories_ Pulp Fictions UK 1998
Selected Tales_ Oxford University Press 1998
The Fall of the House of Usher and Other Tales_ Penguin/Signet Classic 1998"
The Purloined Letter,"Fiction_Crime and Mystery_Detective Story and Detectives_Edgar Allan  Poe_Charles  Dickens_Daniel  Defoe_G. K. Chesterton_Arthur  Quiller-Couch_Michael  Arlen_Edward  Bulwer-Lytton_Richard Harris  Barham_Frederick  Marryat_J. Storer  Clouston_P.C.  Wren_A. J. Alan_Aldous  Huxley_Agatha  Christie_Roald  Dahl_Arthur Conan  Doyle_Dorothy L. Sayers_John  Steinbeck_Dick  Francis_Wilkie  Collins_Dashiell  Hammett_Avram  Davidson_W. Somerset  Maugham_John D.  MacDonald_Helen  Nielsen_Margery  Allingham_Patricia  McGerr_Celia  Fremlin_Patrick  Quentin_Michael  Gilbert_P.D.  James_Stanley  Ellin_Julian  Symons_Christianna  Brand_Cornell  Woolrich_W. W. Jacobs_Edgar  Wallace_Charlotte  Armstrong_Henry  Holt_George  Goodchild_Anthony  Berkeley_James  Hilton_Robert  Arthur_Roy  Vickers_Jay  Wilson_Anthony  Gilbert_Brian  Cleeve_Eric  Parr_Elizabeth  Ferrars_Hugh  Pentecost_Mary  Kelly_Miles  Tripp_John  Garforth_Jane Aiken  Hodge_James  McClure_Ted  Willis_William  Faulkner_Ross  MacDonald_Flannery  O'Connor_Jorge Luis  Borges_Ed  McBain_Ellery  Queen_Susan  Glaspell_Jacques  Futrelle_Isaac  Asimov_Graham  Greene_Mark  Twain_Lawrence  Block_Robert  Bloch_Lilian Jackson  Braun_Loren D.  Estleman_Georges  Simenon_Sara  Paretsky_John  Lutz_Antonia  Fraser_Jeremiah  Healy_Mignon G.  Eberhart_John  Jakes_Miriam Allen  deFord_Harry  Kemelman_William J.  Carroll, Jr._Michael  Innes_Charles  Ardai_Abraham  Lincoln_John H.  Dirckx_Bill  Pronzini_Julie  Smith_Marcia  Muller_Barbara  D'Amato_Rex  Stout_Edward D.  Hoch_Fredric  Brown_P.G.  Wodehouse_Reginald  Hill_R. Austin  Freeman_Hulbert  Footner_Frances  Lockridge_Richard  Lockridge_Kelley  Roos_Stuart  Palmer_Craig  Rice_Lawrence G.  Blochman_Jack  Webb_Ellen  Dearmore_Anton  Chekhov_E.W.  Hornung_Dick  Donovan_Bret  Harte_Robert  Barr_Ernest  Bramah_Baroness  Orczy_Catherine L.  Pirkis_Hesketh  Prichard_Clarence  Rook_Grant  Allen_Guy  Clifford_Guy  Boothby_Herbert  Jenkins_Ruth  Rendell_Elmore  Leonard_Stephen  King_Ernest  Hemingway_Edith  Wharton_James Gould  Cozzens_Harlan  Ellison_Jack  London_Lord  Dunsany_Thomas  Hardy_Patricia  Highsmith_James  Ellroy_A. A. Milne_O.  Henry_John  Collier_Evan  Hunter_Mickey  Spillane_Clark  Howard_Jack  Ritchie_Thomas  Burke_Frederick Irving  Anderson_Melville Davisson  Post_Ring  Lardner_Ben Ray  Redman_James  Thurber_Stephen  Greenleaf_Vincent  Starrett_Logan  Clendening_Barry  Perowne_C.P.  Donnel, Jr._Ogden  Nash_John E.  Gardner_Charles  McCarry_Raymond  Chandler_John  Mortimer_H. R. F. Keating_Damon  Runyon_Arnold  Bennett_Barry N.  Malzberg_August  Derleth_William F.  Nolan_Henry  Slesar_Gordon R.  Dickson_Matthew  Costello_Joan  Hess_Joyce  Harrington_Morris  Hershman_Simon  Brett_Kate  Kingsbury_Ralph  McInerny_Arthur B.  Reeve_  Agent No. 5_  Agent No. 6_Richard Christian  Matheson_Rudyard  Kipling_Joseph Sheridan  Le Fanu_David Stuart  Davies_William  Le Queux_Joseph Smith (J.S.)  Fletcher_Mary Elizabeth  Braddon_M.P.  Shiel_Headon  Hill_Israel  Zangwill_Fergus  Hume_Victor L. Whitechurch_Earl Derr  Biggers_Stacy  Aumonier_Henry  Wood_Harry  Blyth",The brilliant Dupin uses psychological reasoning to deduce the hiding place of a stolen letter.
The Tell-Tale Heart,"Fiction_Horror_The occult and Supernatural_Edgar Allan  Poe_Ambrose  Bierce_Ray  Bradbury_Arthur Conan  Doyle_James  Joyce_John  Steinbeck_Mark  Twain_Luigi  Pirandello_Jack  London_Lord  Dunsany_Guy de  Maupassant_  Saki_Max  Brand_Wilbur Daniel  Steele_James  Thurber_Frank R.  Stockton_Kaatje  Hurlbut_Walter Van Tilburg  Clark_C. D. B. Bryan_Carl  Stephenson_Roald  Dahl_Leo  Tolstoy_T.H.  White_Bernard  Taylor_Elizabeth  Walter_Dorothy K.  Haynes_Charles  Birkin_Lennox  Robinson_Manuel  Komroff_Mary  Danby_Pamela  Vincent_Gwyn  Jones_Ursula K.  Le Guin_F. Scott  Fitzgerald_Nathaniel  Hawthorne_Ernest  Hemingway_Henry  James_Harriet Beecher  Stowe_Amy  Tan_Edith  Wharton_Saul  Bellow_Isaac Bashevis  Singer_Willa  Cather_Katherine Anne  Porter_Bernard  Malamud_Eudora  Welty_John  Cheever_John  Updike_Louise  Erdrich_Stephen  Crane_Sandra  Cisneros_Joyce Carol  Oates_Herman  Melville_Flannery  O'Connor_Washington  Irving_Tobias  Wolff_Kate  Chopin_Pickney  Benedict_Charlotte Perkins  Gilman_Raymond  Carver_Bobbie Ann  Mason_Tim  O'Brien_David  Leavitt_Langston  Hughes_William Carlos  Williams_James  Baldwin_Bharati  Mukherjee_John Edgar  Wideman_Alexandre  Dumas (pere)_Joe R.  Lansdale_August  Derleth_William F.  Nolan_Dan  Gordon_Chet  Williamson_O.  Henry_Will  Murray_W. F. Harvey_Lester  Dent_Wayne D.  Dundee_Mack  Reynolds_E.W.  Hornung_Peter  Cannon_Hugh B.  Cave_Gary  Lovisi_Curt  Hamlin_Don  James_C.J.  Henderson_C. William  Harrison_Morris  Cooper_Michael A.  Black_Gerald  Tollesfrud_Jim  Knapp_Edgar  Wallace_Geoffrey  Vace_Ric  Hasse_Ken  Lewis_Everett M.  Webber_George William  Rae_Costa  Carousso_Maurice  Level_Ellis Parker  Butler_Joseph Lincoln  Steffens_Henry S.  Whitehead_Headon  Hill_  Unknown Author_W. Ryerson  Johnson_Joyce  Kilmer_W. Stephen  Gilbert_Allan  Beck_Ferenc  Molnár_Robert C.  Dennis_J. Lane  Linklater_E. Hoffmann  Price_G.T.  Fleming-Roberts_David  Nowinson_R. Van  Taylor_Ernest C.  Amaral_William  Brandon_William  Hellman_Robert Sidney  Bowen_Hapsburg  Liebe_Larry  Allan_Justin  Case_Rufus  Bakalor_Andrew  Fell_Francis K. Allan_Johanas L.  Bouma_D.L.  Champion_Carey  Barnett_Ernest  Leong_Dane  Gregory_Edwin  Baird_Lix  Agrabee_Ralph  Powers_Grover  Brinkman_Herbert L.  McNary_Wayne A.  Harold_John P.  Foran_Cyril  Plunkett_Morgan  Talbot_Robert  Petyo_I.R.  Austin_Jack  Dolphin_Francis  Chase, Jr._Dana  McGuire_Colby  Quinn_John  Bender_Joseph  Shallit_Carl  Hughes_M. R. James_Charles  Dickens_Edith  Nesbit_Walter  Scott_Oscar  Wilde_Wilkie  Collins_Joseph Sheridan  Le Fanu_Robert Louis Stevenson_William Makepeace  Thackeray_Mary Elizabeth  Braddon_Elizabeth  Gaskell_Perceval  Landon_Richard Harris  Barham_Amelia B.  Edwards_R. S. Hawker_John  Lang_Howard  Pease_Rudyard  Kipling_H. G. Wells_Honoré de  Balzac_Ivan  Turgenev_Nikolai  Gogol_Jean  Lorrain_E. T. A. Hoffmann_Hans Christian  Andersen_Vernon  Lee_Joseph von  Eichendorff_Auguste Comte de Villiers de l'Isle-Adam_Nikolai (N.S.)  Leskov_Jan  Potocki_Philarète  Chasles_Gérard de  Nerval_Théophile  Gautier_Prosper  Mérimée_Bram  Stoker_Stephen  King_Agatha  Christie_H. P. Lovecraft_Louisa May Alcott_Isaac  Asimov_Edgar Rice  Burroughs_Robert A.  Heinlein_Dorothy L. Sayers_Mary  Shelley_Jules  Verne_William  Gibson_Harlan  Ellison_Clive  Barker_Tanith  Lee_Octavia E.  Butler_Samuel R.  Delany_Dashiell  Hammett_Raymond  Chandler_Catherine Lucille (C.L.)  Moore_Ian  Fleming_Rosamunde  Pilcher_Louis  L'Amour_Marcia  Muller_Mary Roberts  Rinehart_Walter  Mosley_Tony  Hillerman_Janet  Dailey_Rafael  Sabatini_Baroness  Orczy_H. Rider  Haggard_Jayne Ann  Krentz_Horace  Walpole_Kathleen E.  Woodiwiss_Zane  Grey_Ray B.  Browne_John G.  Cawelti_Arthur Asa  Berger_Linda Barlow  Krentz_Gail  Landsman_Ernest  Mandel_Jane  Tompkins_Lawrence  Block_Sharyn  McCrumb_Joe  Gores_Mary Higgins  Clark_Evan  Hunter_Carolyn  Wheat_Edward D.  Hoch_Fredric  Brown_Reginald  Hill_Stuart M.  Kaminsky_Mat  Coward_Doug  Allyn_Ian  Rankin_Stanley  Ellin_Clark  Howard_Jack  Ritchie_Susan  Glaspell_William  Bankier_John  Russell_Robert  Turner_Shirley  Jackson_Algernon  Blackwood_Arthur  Machen_W. W. Jacobs_Oliver  Onions_D. H. Lawrence_Alexander  Pushkin_James  Hogg_Hugh  Walpole_Edward  Bulwer-Lytton_Violet  Hunt_Claude  Askew_Alice  Askew",The murder of an old man is revealed by the continuing beating of his heart.Originally published in Pioneer_ January 1843_ and Dollar Newspaper_ 25 January 1843.
Annabel Lee,Poetry_Verse_Love_Grief_Edgar Allan  Poe_Rudyard  Kipling_George Gordon  Byron_John  Keats_Algernon Charles  Swinburne_Matthew  Arnold_Robert  Browning_Robert  Burns_John Kendrick  Bangs_George  MacDonald_Charles  Kingsley_John  Bennett_Edwin  Markham_Dinah Maria Mulock  Craik_  Unknown Author_Henry  Van Dyke_Karle Wilson  Baker_Mary Carolyn  Davies_Robert W.  Service_Gerald  Griffin_Robert  Herrick_Richard  Lovelace_William  Cowper_Leigh  Hunt_Percy Bysshe  Shelley_Elizabeth Barrett  Browning_Ernest  Dowson_James Whitcomb  Riley_James Norman  Hall_George H.  Miles_Adelaide  Love_Thomas  Moore_Sady  Morgan_Blanche Shoemaker  Wagstaff_Ella Wheeler  Wilcox_John White  Chadwick_Grace Stricker  Dawson_Laurence  Hope_May Riley  Smith_Lena  Lathrop_Carol  Haynes_Captain Cyril Morton  Thorne_Roy  Croft_Ellen M. Huntington  Gates_Sydney King  Russell_Strickland  Gillilan_Charles  Jefferys_Henry  Alford_Sir Edwin  Arnold_Francis W.  Bourdillon_Calder  Campbell_Alice  Cary_Thomas Stephens  Collier_David  Cory_Josephine Slocum  Hunt_Arthur  Gillom_E.O.  Laughlin_John  Moultrie_Mrs. David  Porter_Adelaide Anne  Procter_Nan Terrell  Reed_Friedrich  Rückert_Florence  Smith_Charles Hanson  Towne_Mary Ashley  Townsend_H.D.L.  Webster_Ivan Leonard  Wright_Kid  Kazanova_Berton  Braley_Joseph  Parry_Margaret E.  Sangster_Barbara  Young_Anne Laetitia  Barbauld_Angela  Morgan_Eliza  Cook_Priscilla  Leonard_Charles  Bancroft_William Ernest  Henley_Dorothea  Day_John  Oxenham_Theodosia  Garrison_Martha Haskell  Clark_A.L.  Frink_David  Morton_Wenonah Stevens Abbott_Moslih Eddin  Saadi_John William  Burgon_John  Burroughs_Phoebe  Cary_Bartholomew  Dowling_Louise  Driscoll_Joseph  Jefferson_Rosa Zagnoni  Marinoni_J.L.  McCreery_Edward Rowland  Sill_Edgar A.  Guest_Edward Hersey  Richards_George B.  Wallis_Henry T.  Stanton_Friedrich von  Logau_Byron Rufus  Newton_Julia A.  Fletcher_Charles  Mackay_Yolande  Langworthy_William  Knox_Samuel Alroy  Jonas_Wilbur D.  Nesbit_Ellen S.  Hooper_Anna Jane  Vardhill_Robert  Morris_Glen  Allen_Charles B.  Lawlor_James W.  Blake_Sarah  Williams_Mary Brent  Whiteside_Louisa Carroll  Thomas_R.G.  Wells_Felicia  Blake_Caroline  Norton_Leila  Usher_Henry Dwight  Sedgewick_Margaret  Sherwood_Leontine  Stanfield_Pat  O'Cotter_W. Dayton  Wedgefarth_Hally Carrington  Brent_Josephine Preston  Peabody_Edmund Vance  Cooke_George Washington  Doane_Frank H.  Seldon_Lewis  Carroll_William  Shakespeare_John  Milton_Emily  Dickinson_Emily  Brontë_William  Blake_T. S. Eliot_D. H. Lawrence_Christopher  Marlowe_Sylvia  Plath_Walter  Scott_Jonathan  Swift_Alfred  Tennyson_Dylan  Thomas_Walt  Whitman_Oscar  Wilde_William  Wordsworth_William Butler  Yeats_Thomas  Hardy_Robert Louis Stevenson_E.E.  Cummings_Geoffrey  Chaucer_Ezra  Pound_Oliver  Goldsmith_W.H.  Auden_Edgar Lee  Masters_A.E.  Housman_Alexander  Pope_John  Dryden_Samuel Taylor  Coleridge_Hart  Crane_John  Donne_John Greenleaf  Whittier_Edwin Arlington  Robinson_Henry Wadsworth  Longfellow_Gerard Manley  Hopkins_Edmund  Spenser_Randall  Jarrell_Marianne  Moore_Wallace  Stevens_Vachel  Lindsay_John  Masefield_Walter  de la Mare_Christina  Rossetti_Dante Gabriel  Rossetti_Gwendolyn  Brooks_Langston  Hughes_Robert  Frost_Carl  Sandburg_Edward  Lear_Arthur Hugh  Clough_Robinson  Jeffers_William Carlos  Williams_Archibald  MacLeish_Richard  Wilbur_Theodore  Roethke_William  Allingham_Samuel  Johnson_Ben  Jonson_Richard  Eberhart_Thomas  Hood_Stevie  Smith_Clement C.  Moore_Louis  MacNeice_Allen  Tate_John  Skelton_Sir Thomas  Wyatt_Walter  Raleigh_Sir Philip  Sydney_George  Peele_Robert  Southwell_Samuel  Daniel_Michael  Drayton_Thomas  Campion_Thomas  Nashe_Chidiock  Tichborne_Sir Henry  Wotton_John  Webster_William  Browne_Henry  King_George  Herbert_Thomas  Carew_Sir William  Davenant_Edmund  Waller_Sir John  Suckling_Anne  Bradstreet_Andrew  Marvell_Henry  Vaughan_Edward  Taylor_Thomas  Gray_William  Collins_Philip  Freneau_Robert  Southey_Walter Savage  Landor_Thomas  Campbell_Charles  Wolfe_John  Clare_William Cullen  Bryant_Thomas Lovell  Beddoes_Ralph Waldo  Emerson_Oliver Wendell  Holmes_Julia Ward  Howe_George  Meredith_Sir William Schwenck  Gilbert_Robert  Bridges_Eugene  Field_Francis  Thompson_Gelett  Burgess_William Henry  Davies_Edward  Thomas_Rupert  Brooke_Dame Edith  Sitwell_John Crowe  Ransom_Claude  McKay_Isaac  Rosenberg_Wilfred  Owen_Stephen  Spender_Elizabeth  Bishop_Robert  Hayden_Henry  Reed_Robert  Lowell_Philip  Larkin_Allen  Ginsberg,"A young man's lament for his departed lover_ Annabel Lee.
First published as part of Poe's obituary in New York Daily Tribune_ 9 October 1849 (followed by several nationwide obituary reprints throughout October and November);Published in Southern Literary Messenger November 1849;First authorized publication in Sartain's Union Magazine_ January 1850."
The Conqueror Worm,Poetry_Verse_Edgar Allan  Poe,""
The Raven,Poetry_Verse_Edgar Allan  Poe_Rudyard  Kipling_George Gordon  Byron_John  Keats_Algernon Charles  Swinburne_Matthew  Arnold_Robert  Browning_Robert  Burns_John Kendrick  Bangs_George  MacDonald_Charles  Kingsley_John  Bennett_Edwin  Markham_Dinah Maria Mulock  Craik_  Unknown Author_Henry  Van Dyke_Karle Wilson  Baker_Mary Carolyn  Davies_Robert W.  Service_Gerald  Griffin_Robert  Herrick_Richard  Lovelace_William  Cowper_Leigh  Hunt_Percy Bysshe  Shelley_Elizabeth Barrett  Browning_Ernest  Dowson_James Whitcomb  Riley_James Norman  Hall_George H.  Miles_Adelaide  Love_Thomas  Moore_Sady  Morgan_Blanche Shoemaker  Wagstaff_Ella Wheeler  Wilcox_John White  Chadwick_Grace Stricker  Dawson_Laurence  Hope_May Riley  Smith_Lena  Lathrop_Carol  Haynes_Captain Cyril Morton  Thorne_Roy  Croft_Ellen M. Huntington  Gates_Sydney King  Russell_Strickland  Gillilan_Charles  Jefferys_Henry  Alford_Sir Edwin  Arnold_Francis W.  Bourdillon_Calder  Campbell_Alice  Cary_Thomas Stephens  Collier_David  Cory_Josephine Slocum  Hunt_Arthur  Gillom_E.O.  Laughlin_John  Moultrie_Mrs. David  Porter_Adelaide Anne  Procter_Nan Terrell  Reed_Friedrich  Rückert_Florence  Smith_Charles Hanson  Towne_Mary Ashley  Townsend_H.D.L.  Webster_Ivan Leonard  Wright_Kid  Kazanova_Berton  Braley_Joseph  Parry_Margaret E.  Sangster_Barbara  Young_Anne Laetitia  Barbauld_Angela  Morgan_Eliza  Cook_Priscilla  Leonard_Charles  Bancroft_William Ernest  Henley_Dorothea  Day_John  Oxenham_Theodosia  Garrison_Martha Haskell  Clark_A.L.  Frink_David  Morton_Wenonah Stevens Abbott_Moslih Eddin  Saadi_John William  Burgon_John  Burroughs_Phoebe  Cary_Bartholomew  Dowling_Louise  Driscoll_Joseph  Jefferson_Rosa Zagnoni  Marinoni_J.L.  McCreery_Edward Rowland  Sill_Edgar A.  Guest_Edward Hersey  Richards_George B.  Wallis_Henry T.  Stanton_Friedrich von  Logau_Byron Rufus  Newton_Julia A.  Fletcher_Charles  Mackay_Yolande  Langworthy_William  Knox_Samuel Alroy  Jonas_Wilbur D.  Nesbit_Ellen S.  Hooper_Anna Jane  Vardhill_Robert  Morris_Glen  Allen_Charles B.  Lawlor_James W.  Blake_Sarah  Williams_Mary Brent  Whiteside_Louisa Carroll  Thomas_R.G.  Wells_Felicia  Blake_Caroline  Norton_Leila  Usher_Henry Dwight  Sedgewick_Margaret  Sherwood_Leontine  Stanfield_Pat  O'Cotter_W. Dayton  Wedgefarth_Hally Carrington  Brent_Josephine Preston  Peabody_Edmund Vance  Cooke_George Washington  Doane_Frank H.  Seldon_Lewis  Carroll_William  Shakespeare_John  Milton_Emily  Dickinson_Emily  Brontë_William  Blake_T. S. Eliot_D. H. Lawrence_Christopher  Marlowe_Sylvia  Plath_Walter  Scott_Jonathan  Swift_Alfred  Tennyson_Dylan  Thomas_Walt  Whitman_Oscar  Wilde_William  Wordsworth_William Butler  Yeats_Thomas  Hardy_Robert Louis Stevenson_E.E.  Cummings_Geoffrey  Chaucer_Ezra  Pound_Oliver  Goldsmith_W.H.  Auden_Edgar Lee  Masters_A.E.  Housman_Alexander  Pope_John  Dryden_Samuel Taylor  Coleridge_Hart  Crane_John  Donne_John Greenleaf  Whittier_Edwin Arlington  Robinson_Henry Wadsworth  Longfellow_Gerard Manley  Hopkins_Edmund  Spenser_Randall  Jarrell_Marianne  Moore_Wallace  Stevens_Vachel  Lindsay_John  Masefield_Walter  de la Mare_Christina  Rossetti_Dante Gabriel  Rossetti_Gwendolyn  Brooks_Langston  Hughes_Robert  Frost_Carl  Sandburg_Edward  Lear_Arthur Hugh  Clough_Robinson  Jeffers_William Carlos  Williams_Archibald  MacLeish_Richard  Wilbur_Theodore  Roethke_William  Allingham_Samuel  Johnson_Ben  Jonson_Richard  Eberhart_Thomas  Hood_Stevie  Smith_Clement C.  Moore_Louis  MacNeice_Allen  Tate_John  Skelton_Sir Thomas  Wyatt_Walter  Raleigh_Sir Philip  Sydney_George  Peele_Robert  Southwell_Samuel  Daniel_Michael  Drayton_Thomas  Campion_Thomas  Nashe_Chidiock  Tichborne_Sir Henry  Wotton_John  Webster_William  Browne_Henry  King_George  Herbert_Thomas  Carew_Sir William  Davenant_Edmund  Waller_Sir John  Suckling_Anne  Bradstreet_Andrew  Marvell_Henry  Vaughan_Edward  Taylor_Thomas  Gray_William  Collins_Philip  Freneau_Robert  Southey_Walter Savage  Landor_Thomas  Campbell_Charles  Wolfe_John  Clare_William Cullen  Bryant_Thomas Lovell  Beddoes_Ralph Waldo  Emerson_Oliver Wendell  Holmes_Julia Ward  Howe_George  Meredith_Sir William Schwenck  Gilbert_Robert  Bridges_Eugene  Field_Francis  Thompson_Gelett  Burgess_William Henry  Davies_Edward  Thomas_Rupert  Brooke_Dame Edith  Sitwell_John Crowe  Ransom_Claude  McKay_Isaac  Rosenberg_Wilfred  Owen_Stephen  Spender_Elizabeth  Bishop_Robert  Hayden_Henry  Reed_Robert  Lowell_Philip  Larkin_Allen  Ginsberg,While reading an ancient mystic text_ a man is interrupted by a knocking on his study door and discovers_ in an eerie_ horror-filled sequence_ that his visitor is a raven.
Engine Summer,Fiction_Science Fiction_Bleak Futures_Nuclear Holocaust/Post-Apocalypse,A bittersweet memoir of the journeys of one of our distant ancestors long after the Blast. Rush That Speaks wanders his way through post-apocalyptic America_ meets a wise man in a tree and an Avvenger_ joins Dr. Boots' List_ and finds a place among the dwellers in the sky.
The First Lady Murders,Fiction_Crime and Mystery_Barbara  Paul_John  Lutz_Barbara  D'Amato_Nancy  Pickard_Carole Nelson  Douglas_Jennifer  Waddell,"Nancy Pickard reveals a centuries-old secret passed on to Bess Truman that threatens the very foundation of the White House... Anne Perry turns the White House red when Edith Wilson finds a blackmailer dead on the floor... Judith Kelman unveils a First Lady-to-be who has deadly bad hair days... Pamela Fesler loses herself in inauguration mischief with Lou Henry Hoover...P .M. Carlson unwraps a kidnapping plot surrounding Mrs. Grover Cleveland's beloved daughter_ Baby Ruth... Gillian Roberts serves up a deliciously sweet tale of deception and intrigue at Dolley Madison's White House... Sarah Shankman replays the Watergate scandal and erases all memory of Nixon's good Republican wife... and a host of other writers deceive_ thrill_ and entertain us with these fascinating First Ladies who know that life at the White House can be murder. 

Complete list of stories: (All stories copyright 1999)

The Secret President by Barbara Paul
Political Decision by John Lutz
'A' Is for Adams by Carolyn Wheat
You Run by Sarah Shankman
The Bachelor's Wife by Judith Kelman
Lost at Sea by Pamela J. Fesler
Madame President by Anne Perry
The Mother of Our Country by Linda V. Williams
Dolley Madison and the Staff of Life by Barbara D'Amato
Alice Holds the Cards by Jennifer Waddell
Jackie-O by Kristine Kathryn Rusch
Goodbye_ Dolley by Gillian Roberts
Portal by T. J. MacGregor
Adams and Evil by Sarah Booth Conroy
A Tale of Two Sisters by Richard Timothy Conroy
The Second Lady by Peter Crowther
The First Ladies' Secret by Nancy Pickard
Mrs. Lincoln's Dilemma by Janet Dawson
Julia Grant_ a.k.a. Private Eye"" by Jan Grape
Blood in Buzzard's Bay; or_ Sweets to the Sweet by P. M. Carlson"
A New York State of Crime,Fiction_Crime and Mystery,"Edited by: Feroze Mohammed

Three tales of murder most Manhattan."
The Reluctant Op,Fiction_Crime and Mystery_Crime/Caper,"Printed in the September/October issue of Ellery Queen's Mystery Magazine.

The title character is a woman just released from prison who is blackmailed into working for the owner of a large_ upscale detective agency. Callie Darrow has been a thief and a con artist all her life_ but her stint in prison convinced her to look for a better way to live. But her resolution is thwarted by the man blackmailing her_ who is forcing her back into that same environment that made her what she is. 

I've always wanted to write a waterfront story_ and this is it. It's Callie's contacts among the grifters and the thieves and the middlemen and the smugglers that make her so valuable to the detective agency; she can move through the back streets of the waterfront the way no outsider can. So Callie is walking a tightrope; if she fails to come through for the agency_ she goes back to prison. And if her old cohorts ever learn she's now on the side of the law_ she's dead."
More Holmes for the Holidays,Fiction_Crime and Mystery_Detective Story and Detectives_Police Procedural_Peter  Lovesey_Jon L.  Breen_Barbara  Paul_Bill  Crider,"Contents:

Introduction by Jon Lellenberg · in 
The Christmas Gift by Anne Perry · nv * 
The Four Wise Men by Peter Lovesey · nv * 
Eleemosynary_ My Dear Watson by Barbara Paul · nv * 
The Adventure of the Greatest Gift by Loren D. Estleman · ss * 
The Case of the Rajahs Emerald by Carolyn Wheat · nv * 
The Christmas Conspiracy by Edward D. Hoch · ss * 
The Music of Christmas by L. B. Greenwood · nv * 
The Adventure of the Christmas Bear by Bill Crider · ss * 
The Adventure of the Naturalists Stock Pin by Jon L. Breen · ss * 
The Adventure of the Second Violet by Daniel Stashower · ss * 
Human Mystery by Tanith Lee · nv * 
About the Authors · Misc. · bg 

Edited by: Martin H. Greenberg_ Jon L. Lellenberg_ & Carol-Lynn Waugh"
The Compost Heap,Fiction_General Fiction,iblist.com user synopsisIn the sixties people said and did weird things.  This is a story about two of them.
Nightflyer,Fiction_General Fiction,Jonathan has a secret that no one knows about... He can leave his body and fly... Now he plots his revenge on all the people who torment him.
Dream House,Fiction_Horror_General,""
Eternal Bliss,Fiction_Crime and Mystery_Suspense,"iblist.com user synopsisAn obsessed fan abducts twenty-year-old actress Bliss Marshall and brings her to his isolated island home in Maine. His objective is to save her from ""Hollywood life"" and bring her back to her roots. He films her constantly to capture the transformation from Hollywood starlet to whole woman_ and intends to release the footage as a movie in which they star together_ bringing him the fame he craves."
The Lyssa Syndrome,Fiction_Horror,When Dr. Martin Farrow discovered a mutant rabies virus_ the government forced him to develop more vicious strains in isolated Blue Harbor_ Maine. Then two animal-rights activists broke into his lab and liberated the virus--turning the entire town of Blue Harbor into a city of crazed beasts.
The Fly Must Die,Fiction_Fantasy_Contemporary_General Fiction_Humor_Satire,A mostly-coherent story of Fred_ and how he helped to orchestrate the downfall of a corporation that took over the country.
Fever 42,Fiction_General Fiction,"They were back in the audio-visual room again and Ted said_ ""Joy_ we're crazy to do things here in school!""

Her eyes were shining. ""But isn't it great when you almost get caught?"" she said. ""Don't you feel so alive?""

Ted Wharton_ 42_ a teacher at Whitman High in Somerside_ New Jersey_ lives a routine suburban life with his wife and kids. After fifteen years at the school he is disenchanted with teaching; he's just going through the motions at work- and also at home. Nothing excites him anymore_ he fears that nothing ever will_ and the clock is ticking.

Then it happens: on the same day that one of Ted's colleagues drops dead of a heart attack_ Joy Dollinger_ 17_ a bright_ irreverent_ stunningly beautiful senior in one of his classes_ makes a play for him. He puts up no resistance_ and lets Joy take him on a long soul-shattering trip that shakes his spirit from its sleep. Exhilarated_ fully alive for the first time in years_ he revels in his wild trysts with Joy- many of which take place at Whitman High.

Day after day_ Ted lives on the edge_ obsessed with Joy- and terrified that his life will unravel. If his wife finds out what's going on_ what then? If his colleagues find out? If Joy's father_ who's trying to purge the Somerside schools of ""obscene"" books finds out? Or what if Joy_ as she hints she might_ tells all to her parents unless Ted vows to marry her? Panicked_ he tries to end their relationship-and things spiral out of control.

A tragicomical tale of desire_ deceit and betrayal_ Fever 42 is a thunderbolt of a novel_ an unforgettable Joyride."
Greengroundtown,Fiction_General Fiction,At once low-key and bizarre_ these stories mingle satire and sympathy; their dialogue is not always what it seems on the printed page; their setting are simultaneously fantastic and all too actual. Their shock goes beyond recognition to linger in the consciousness of their readers.
The End Beginning: Poems,Poetry,""
One Day in the Short Happy Life of Anna Banana: And Other Maine Stories,Fiction_General Fiction,"Contents:

One Day In the Short_ Happy Life of Anna Banana
The Glow of Copper
- The Rock
A Clock in San Diego"
Limerock-Maine Stories,Fiction_General Fiction,"Contents:
- The Smell Of Spring
- The Rock
- The Glow of Copper
- Uncle Cub at the Paradise Fair
- The Best in the World
- Detour
- Lost
- The Tip
- Ride
- A Clock In San Diego
- One Day in the Short Happy Life of Anna Banana
- Mistakes
- Journey
- Holly Point
- Home"
Dealing with Dragons,Fiction_Children & Young Adult_Humorous Fiction_Fantasy_Fantasy Worlds,"""I want to do things...""

Take one bored princess. Make her the seventh daughter in a very proper royal family. Have her run away.

Add one powerful_ fascinating_ dangerous dragon.

Princess Cimorene has never met anyone (or anything) like the dragon Kazul. But then_ she's never met a witch_ a jinn_ a death-dealing talking bird_ or a stone prince either.

Princess Cimorene ran away to find some excitement.

She's found plenty."
Searching for Dragons,Fiction_Children & Young Adult_Fantasy_Fantasy Worlds,"""Can you send us straight to the Enchanted Forest? We're kind of in a hurry...""

The cast: an un-ordinary king and an extraordinary princess_ a couple of kooky giants_ an overzealous magician_ a loyl and helpful witch_ and a host of evil and dangerous wizards.

The instruments: a broken-down magic carpet_ a leaking magical sword_ and a few buckets of soapy lemon water.

The problem: dragon-napping and magic-stealing.

And so the story begins_ one fine day while King Mendanbar is taking a casual stroll through the Enchanted Forest..."
Calling on Dragons,Fiction_Children & Young Adult_Fantasy_Fantasy Worlds,"""We need to see King Mendanbar and Queen Cimorene right away...""

They're back! Except Princess Cimorene is now Queen Cimorene of the Enchanted Forest_ and she is on a very important mission with Kazul the dragon king_ Morwen the witch_ Telemain the magician_ two cats_ and a blue_ flying donkey-rabit named Killer. It's not going to be easy.

The wizards have become very smart (sort of) and have found a way to capture the most powerful source of magic in the Enchanted Forest -- King Mendanbar's sword. If the sword is not returned to the forest in due time_ the forest will begin to die. And you can bet your last dragon scale that Cimorene won't stand for that!"
Talking to Dragons,Fiction_Children & Young Adult_Fantasy_Fantasy Worlds,"""Mother taught me to be polite to dragons...""

Daystar never thought he'd be walking through the Enchanted Forest with a magic sword_ a fire-witch_ and a baby dragon. He never dreamed his mother_ Cimorene_ would tell him to leave their home and not to return until his task was complete. Or that he alone held the power to release King Mendanbar and the Enchanted Forest from the wizards' evil spell. He doesn't even know who King Mendanbar is.

But Daystar learns quickly -- and that's good_ because he's about to encounter magic and wizards and dragons. Quite a deadly combination."
Little Sister,Fiction_Children & Young Adult_Fantasy_Historical_Multicultural,"Her family has been destroyed. It is her task to restore their honor.

Like other noble girls in the Japanese imperial court_ Mitsuko lives behind screens of modesty_ hiding her face behind her kimono sleeves. But when her village is attacked_ her brother-in-law murdered_ and her family taken away by a warlord_ Mitsuko finds the courage to venture into the netherworld. With the help of Goranu_ a shape-shifter_ she fights for her family -- even if it means her own death."
